# This is a way for the game to know which names are just variants
ir_olympia = { Olympias Olympia }
ir_sypax = { Sypax Syphax }
ir_phila = { Phila Phile }
ir_ahmose = { Ahmes Ahmose }
ir_khabash = { Khabbabash Khabash }
ir_nectanebo = { Nakhthoreb Nectanebo }
ir_pedubast = { Pedubast Petubastis }
ir_gala = { Gala Gaius }
ir_vosenius = { Vosenius Vodenos }
ir_gwendolen = { Guendolen Gwen }
ir_donwen = { Donwen Dynwen }
ir_genobaud = { Genobald Genobaud }
ir_gundobald = { Gundebold Gundobald }
ir_gundmar = { Gundmar Gundemar Gundemaro }
ir_ingomar = { Ingomar Ingomer }
sigmund_male = {
	Sigmund Siegmund Sigismond Sigismund Zikmund Zsigmond Zygmunt # vanilla
	Segimund Sigimund # converter
}
ir_theodo = { Theodo Teuto }
ir_theobald = { Theobald Theobold Theodobald }
ir_ingiburg = { Ingiburg IngbjO_rg Inge IngebjO_rg Ingebjorg Ingeborg }
ir_richild = { Richild Richilda Richilde Richildis }
ir_waburg = { Walburgis Walburg Walpurga }
ir_waloburg = { Waloburg Waluburg }
brigid_female = { Brigantia Brigid Berchet Birgitta Bregida Brigida BrI_gida
Brigit Breaca Breage Bride Ffraid Bridei Brude Bruide Prikita }
ir_agenaric = { Agenaric Aginaric }
ir_ariogaesus = { Ariogaesus Ariogais }
ir_valao = { Valao Walao }
ir_ampratasene = { Ampratasene Amratasene }
ir_darius = { Dareios Darius }
ir_mardonius = { Mardonios Mardonius }
ir_roxana = { Roshanak Roxana Roxana_Roxana Rossana Ruxandra Roxanne Rhoxane }
ir_artavazhd = { Artavasdas Artavasdos Artavazd Artabazos Artabazus }
ir_hystaspes = { Hystaspes Vishtasb Vishtasb_Vishtasb }
ir_mazakes = { Mazaces Mazaces }
ir_parsman = { Pharsmanes Parsman }
ir_avda = { Avda Abdagas }
ir_aram = { Aram Aramu }
ir_armin = { Armin Herman Hermann }
ir_arsaces = { Arsakios Arsaces Arshak }
ir_ashina = { Asina Ashina }
ir_artaxias = { Artashes Artaxias }
ir_asher = { Asher Asheri }
ir_atropates = { Aturpat Atropates }
ir_chosroe = { Khosrow Chosroe Osroes }
ir_hydarnes = { Hidarnes Hydarnes }
ir_phraates = { Phraates Farhad Farhad_Farhad }
ir_phaortes = { Phraortes Fravarti }
ir_arsames = { Arsames Sarsamas }
ir_tigran = { Tigran Tigranes }
ir_trdat = { Tiridates Trdat }
ir_balash = { Vologases Balash }
ir_arystone = { Artystone Arystone }
ir_ananias = { Hananiah Ananias Hanan }
ir_ismael = { Ismael Ishmael }
ir_hezekiah = { Hezekiah Ezekiah }
ir_hannah = { Anna Anne Hannah Hanna Ana }
ir_ancus = { Anche Ancus }
ir_orontes = { Orontes Arunth } # A stretch
ir_aulus = { Aule Aulus }
ir_gnaeus = { Cnaive Gnaeus }
ir_mamercus = { Mamercus Mamurce }
ir_marcus = { Marcus Marce Marco Mark Marc Marcu }
ir_spurius = { Spurie Spurius }
ir_titus = { Tite Titus Tito Titos }
ir_tiberius = { Thefri Tiberius Tiberios Tiberius }
ir_vibius = { Vipie Vibius }
ir_fausta = { Fasthi Hasthi Fausta }
ir_quintus = { Quintus Cuinte }
ir_publius = { Publius Puplie }
ir_alcimus = { Alcimus Joachim Joacim Joakim }
ir_aretas = { Aretas al-Harith }
ir_euclid = { Euclid Eukleides }
ir_hector = { Hector Hektor Ettore }
ir_hieronymus = { Hieronymus Hieronymos Geronimo JE_rO_me }
ir_hyacinth = { Hyacinth Giacinto Hyakinthos }
ir_isocrates = { Isocrates Isokrates }
ir_leonidas = { Leonid Leonidas }
ir_pericles = { Pericle Pherekles }
ir_ptolemy = { Ptolemaios Ptolemy }
ir_pyrrhus = { Pyrrhos Pyrrus }
ir_agathoclea = { Agathoclea Agathokleia }
ir_berenice = { Berenice Berenike }
ir_eurydike = { Eurydike Eurydice }
ir_antigona = { Antigona Antigone }
ir_alexandra = { Alexandra Saundra Alessandra Kassandra }
ir_oenanthe = { Oenanthe Oinanthe }
ir_cleopatra = { Cleopatra Kleopatra }
ir_melissa = { Melissa Melitta }
ir_thessaloniki = { Thessaloniki Thessalonike }
ir_rhascus = { Raskos Rhaskos }
ir_zipyron = { Ziepyros Zipyron }
ir_blegissa = { Blegissa Blaikisa }
ir_blaesus = { Blaesus Brasus }
ir_dadas = { Dadas Dadazai }
ir_decibalus = { Decibalus Denzibalus }
ir_gergis = { Gergis Kheriga }
ir_maharbaal = { Maharbal Maharbaal }
ir_aphrodisia = { Aphoridisa Astarte } # Interpretatio Romana
ir_shayna = { Jamila Shayna } # Cognate translation
ir_iezabel = { Izavel Iezabel }
ir_dido = { Dido Elissa } # Historical equivalents
ir_abraham = { Abraham Abraha Abram Ebrahim_Abraham Ebrahim Ibrahim }
ir_mordechai = { Mordechai Marduk-belshunu }
ir_god_gave = { Bel-iddin Deodat Deodatus Teodato Theodat Adeodatus }

# Pémiš equivalences
ir_abo = { Abo A_pO_ }
ir_adalbero = { Adalbero A_talpE_rO_ }
albert_male = { Albert E_thelberht Adalbert Adalberto Alberto Albrecht Albrikt Aldebert Altpert BE_la Erp VojtE_ch Wojciech A_talpert Alprecht }
alebrand_male = { Alebrand Adalbrand A_talprant A_leprant }
ir_adaldag = { Adaldag A_taltak }
ir_adalgar = { Adalgar A_talkar }
ir_adalgod = { Adalgod A_talkot }
adolf_male = { Adolf E_thelwulf Alo Eadulf Eadwulf Edulf Indulf Ildulb A_tolf }
alwin_male = { Alwin E_lfwine E_lle E_thelwine Aelle AilpI_n Alboin Algwyn Alpin Alwen Alwyn Audoin Ealdwine Elfin Elpin E_le }
ir_altfrid = { Altfrid Altfrit }
ir_ansgar = { Ansgar Anskar }
arnold_male = { Arnold Arnald Arnalt Arnau Arnaud Arnault Arnaut Arnd Arnt Arnolt }
asig_male = { Asig Esiko A_sik }
baldwin_male = { Baldwin Baldewin Baldoen Baldovino Balduin BaudoI_n Baudouin Boudewijn Paltuin }
baltasar_male = { Baltasar Balthasar Palthasar }
ir_banzleib = { Banzleib Panzlojp }
benedict_male = { Benedict BeneS_ Benedek Benedetto Benedikt Beneke Beneset Benet Bengt Benito BenoI_t Budoc Budic Budog PE_nE_kE_ }
bernard_male = { Bernard BE_rard Barnaerd Benno BernA_t BernabO_ Bernaldu Bernardin Bernardo Bernart Bernat Bernd Bernead Bernhard PennO_ Pernt Pernhart }
berthold_male = { Berthold Bertold Perctarit Pertolt }
bertrand_male = { Bertrand Beltram Bertram Bertran BertrA_n Pertram }
ir_boddic = { Boddic Pottic }
bruno_male = { Bruno Brun Prun PrU_nO_ }
bouchard_male = { Bouchard Burchard Burgheard Purchart }
ir_cissa = { Cissa ZissA_ }
nicholas_male = { Nicholas Cailean Calum Claes Claus Colin ColmA_n Columb MikoL_aj MikolA_S_ MikulA_S_ Nicholaus Niclaes Nicolas Niels Niklas Nikola Nikolaos Nikolaus Nikolitza Nikoloz Nils KlO_s }
ir_cobbo = { Cobbo KO_ppO_ }
konrad_male = { Konrad CenrE_d Cord Corrado Koenraad KonrA_d Kuno Kort }
cyprianus_male = { Cyprianus Cyprian Kyprian }
dag_male = { Dag Dago TA_kO_ }
ir_dedo = { Dedo TE_tO_ }
ir_dethard = { Dethard Tethart }
ir_detleff = { Detleff Tetleff }
dietmar_male = { Dietmar Detmar Thietmar Tymmeke Tetmar }
theodoric_male = { Theodoric Teudaric Teudric Tewdrig Theodoricho Thierry DE_tR_ich Diederick Diederik Dietrich Dirk Dytryk Theodorich TiE_rri Tudor
TI_trik Theotoric }
thor_male = { Thor Donar TO_nar }
ekkehard_male = { Ekkehard Eggerd Ekkert }
ir_egilmar = { Egilmar Ekilmar }
egbert_male = { Egbert Ekbert Ekpert }
ir_engelbert = { Engelbert Enkelpert }
ir_engelhard = { Engelhard Enkelhart }
asig_male = { Asig Esiko EsikO_ }
everard_male = { Everard Eberhard Everd Evrard Evert }
ir_ewald = { Ewald Ewalt }
ir_floribert = { Floribert Floripert }
frederick_male = { Frederick BedR_ich Fadrique Federigo FrE_dE_ric Frederi Frederic Frederico Frederik Fredrik Friedrich Rieti Freterik }
gerald_male = { Gerald GE_raud Garalt Garibald Geraldo Gerallt Geralt Geraud Gerbald Gerold Gierolt Guerau Guiraud Gerard GE_rard Gehrke Gerardo Gerhard Ghert Girard Guiral Guitart Xerardu KE_rke Kerolt Chert }
ir_gelder = { Gelder Kelter }
ir_gero = { Gero KerO_ }
gebhard_male = { Gebhard Gevert Kevert }
ir_giselher = { Giselher Kiselher }
ir_giselmar = { Giselmar Kiselmar }
gottschalk_male = { Gottschalk Godescalc Gosschalk KosS_alk }
ir_goswin = { Goswin Koswin }
gunther_male = { GU_nther Gunzelin Kunzelin Kynther }
godfrey_male = { Godfrey GO_dke Gausfred Geoffrey Geoffroy Geofroi Godafres Godefroi Godefroy Godfried Goffredo Gofraid Gotfred Gottfried GuT_friT_ Guthfrith JaufrE_ Jaufret JofrE_ SE_afra Sieffre SiothrU_n Ketke }
ir_harthgate = { Harthgate Harthkate }
ir_hartwig = { Hartwig Hartwik }
ir_heideke = { Heideke Hojteke }
ir_hengest = { Hengest Henkest }
herbert_male = { Herbert Aribert Aripert Herberd Hereberht Heribert Herpert }
ir_hoger = { Hoger Hoker }
ir_hulderic = { Hulderic Hulteric }
ir_humfried = { Humfried HumfrI_t }
ir_immed = { Immed Immet }
isidoros_male = { Isidoros Isidor Isitor }
jacob_male = { Jacob Chaacko Hamish Iacob Iago Iakobos Iakov JA_kob Jaakoppi Jacco Jacme Jacopo Jacques Jakob Jaksa Jakub Jakusz James Jaume KO_pke SE_amas Ya_qub Yaqub Jaime Chaime Jakue Ya_qob Jacop }
john_male = { John HanuS_ Hovhannes IO_annE_s Iain Iehan Ieuan Ioan Ioane Ioann Ioannes Iuan Ivan IvaniS_ JA_nos Jan JanisL_aw Janis Janko Janos Janusz Jean JoA_o Joan Joanes Joannes Johan Johann Johannes Jon Jovan Juan Juvven SeA_n SeoA_n Yahya Yohannaan Yohannan Youkhanna Yunanis Xuan Chuan JO_ann }
ir_juries = { Juries JurI_s }
jacob_male = { Jacob Chaacko Hamish Iacob Iago Iakobos Iakov JA_kob Jaakoppi Jacco Jacme Jacopo Jacques Jakob Jaksa Jakub Jakusz James Jaume KO_pke SE_amas Ya_qub Yaqub Jaime Chaime Jakue Ya_qob Kepke }
laurence_male = { Laurence Lars LaurE_nC_ Laurentios Laurentiu Laurentz Lauri Lorens LourenC_o Lourenzo Lorenzo LloriA_n Wawrzyniec LO_rentz }
lambert_male = { Lambert Lamberto Lembert Lempert }
ir_leuderic = { Leuderic Lojteric }
ir_liawizo = { Liawizo LiawizO_ }
ir_liemar = { Liemar LI_mar }
ir_liudger = { Liudger Liutker }
lothair_male = { Lothair Hlothere Lot Lothaire Lothar Luder Luter }
ludolf_male = { Ludolf Liudolf Liudulf Lutolf }
louis_male = { Louis Alois Clydog Lajos Lluis LoI_s Lodewijk LouI_s Loui LudvI_k Ludvig Ludwig Luis Lutwik }
magnus_male = { Magnus Megistos Magne Maknus }
ir_marbold = { Marbold Marpolt }
markward_male = { Markward Marquard Markwart Marquart }
ir_meinwerk = { Meinwerk Mojnwerk }
norbert_male = { Norbert Nordepert Norpert }
otto_male = { Otto O_dO_n Ebles Eudes Eudon Luder-Udo Odo Odon Ota Othon Ott Otton Ottone Udo OtO_ OttO_ }
ir_ordulf = { Ordulf Ortulf }
ralph_male = { Ralph RE_dwulf Radke Radolf Radulf Radulfo Ralf Randolf Randolph Raolf Raoul Rodolf Rudolf Pandulf Ratke Rutolf }
reinbern_male = { Reinbern Reginbern Rekinpern Rojnpern }
renard_male = { Renard Reineke Reinhard Renhard Rojneke }
ir_reinmar = { Reinmar Rojnmar }
roger_male = { Roger Rogier Rudigar Rutger Rutikar }
sigisbert_male = { Sigisbert Sigbert Sikpert }
siegfried_male = { Siegfried Sigfrid Sikfrit }
sigurd_male = { Sigurd SigurT_r Sigward Sikard Siward Siweard Sjoerd Sikwart }
theoderic_male = { Theoderic Theoderich Theoteric }
ir_theodwin = { Theodwin Theotwin }
timothy_male = { Timothy Dimetheos Thimo ThimO_ }
ir_tobe = { Tobe Tope }
ir_udu = { Udu Utu }
ir_volrad = { Volrad Volrat }
ir_walbert = { Walbert Falpert }
vladimir_male = { Vladimir Valdemar VladimI_r Waldemar Faltemar }
ir_waldered = { Waldered Falteret }
ir_waltard = { Waltard Faltart }
werner_male = { Werner Irnerius Warin Werneke Farin Ferneke }
ir_warinechin = { Warinechin Farinechin }
victor_male = { Victor Biktor Uther Uthyr Viktor Wecta Fecta }
vaclav_male = { Vaclav Vencel Wenzel Fenzel }
ir_weybrecht = { Weybrecht Feyprecht }
ir_wichbert = { Wichbert Fichpert }
ir_wichmann = { Wichmann Fichmann }
guy_male = { Guy Gui Guido Guidone Guigues Guij VI_tek Wicho Wido Wit FichO_ }
ir_widukind = { Widukind Fitukint }
ir_wigebert = { Wigebert Fikepert }
ir_wilbrand = { Wilbrand Filprant }
ir_willichin = { Willichin Fillichin }
ir_withgils = { Withgils Fithkils }
ir_witikind = { Witikind Fitikint }
ir_witta = { Witta Fitta }
ir_wlencing = { Wlencing Flencink }
walter_male = { Walter BhA_tair Gauthier Gautier Gualter Guterre Gutierre Guttier Ualtar Valteri Walthari Walther Wolter Folter }
ulf_male = { Ulf Ulfo Ulfr Ulv Wulf Wulff Welf Fulff }
ir_thurgot = { Thurgot Thurkot }

adela_female = { Adela AdE_la AdE_le Addila Adelah Adele Adelia Alena Attila }
adelaide_female = { Adelaide AdalaI_da AdelaI_da Adelaida Adelheid Aleydis Elke
Atelhojt }
agnes_female = { Agnes A_gnes A_ine AgnE_s Agne Agnese Agnieszka AinE_s Aines Annest Auni InEEs InE_s Nest Nesta Uunis Aknes }
beatrice_female = { Beatrice BE_atrice BE_atrix Beathoc Beatrijs Beatritz Beatriu Beatrix Beatriz Beitris Bia Brethoc Brites Peatrix Pia }
bertha_female = { Bertha Berta Berthe Berthildis Pertha }
ir_bertrada_female = { Bertrada Pertrata }
ir_bisina_female = { Bisina Pisina }
ir_bithild_female = { Bithild Pithilt }
ir_diedke_female = { Diedke TI_tke }
ir_eilika_female = { Eilika Ojlika }
elisabeth_female = { Elisabeth Beileag Bet EisabE_u ElZ_bieta Elisa ElisabE_ta Elisabet Elisabeta Elisabetta Elisaveta Elise Elizabeta Elizabeth Elspeth ErzsE_bet Isabela IsabE_la IsabE_u Isabeau Isabel Isabella Isabelle Isobel Lillias Lise Lisebet Lys Yelizaveta Aaleyaamma Elesbed Elisaued Uusbail Ysbail Zabel AlZ_bEE_ta Sabela Elisapeth }
ir_enda_female = { Enda Enta }
ir_frederuna_female = { Frederuna Freteruna }
ir_geilana_female = { Geilana Kojlana }
gerberga_female = { Gerberga GerbE_rga Gerberge Gerburgis Gerperga Kerperka }
gertrude_female = { Gertrude Geretrudis Gertrud Gertruda Gheertrude Gjertrud
Kertrut }
gisela_female = { Gisela GisE_le Giselle Giseltrude Gisla Gizella Guisla Kisela }
ir_glismod_female = { Glismod Klismot }
hedwig_female = { Hedwig Hadwig Hatwik }
ir_heilwig_female = { Heilwig Hojlwik }
hildegard_female = { Hildegard IldE_garde Hiltekart }
ida_female = { Ida Ide Yda Ita }
ermengarde_female = { Ermengarde Ermegardis Ermengard Ermengarda Ermengardis Ermingarde Irmgard Irmkart }
ir_irminburg_female = { Irminburg Irminpurk }
kunigunde_female = { Kunigunde Cunigunda Kunigunda Kunikunte }
ir_luitgard_female = { Luitgard Luitkart }
margaret_female = { Margaret MA_irgred Maisie Marared Margalida MargarE_ta Margareta Margarete Margarid Margarida Margarita Margherita Margred Margrete Margrethe Margrud Marguarite Marguerite Peigi Markarete }
matilda_female = { Matilda Mafalda Mahaut Mathilde Matild Matylda Maud Mauda Mautild Mawd Mechthild Mathilda Mahalta Matilde Mathilte Mechthilt }
ute_female = { Ute Oda Uta Ota }
ir_othelindis_female = { Othelindis Othelintis }
ir_radegund_female = { Radegund Ratekund }
ir_reginlint_female = { Reginlint Rekinlint }
ricarda_female = { Ricarda Ricciarda RichE_nda Richara Richardis Richenda Richartis }
ir_rodelinda_female = { Rodelinda Rotelinta }
swanahild_female = { Swanahild Suanhilde Suanhilte }
ir_theodrada_female = { Theodrada Theotrata }
ir_thiedburga_female = { Thiedburga ThI_tpurka }
ir_wienke_female = { Wienke FI_nke }
ir_wiltrud_female = { Wiltrud Filtrut }
ulfhild_female = { Ulfhild Wulfhild Wulfhilde Fulfhilt }
